Student,ID,SIS User ID,SIS Login ID,Email,Section,Assignment 01,Assignment 02,Assignment 03,Assignment 04,Assignment 05,Assignment 06,Assignment 07,Assignment 08,Assignment 09,Assignment 10,Assignment 11,Assignment 12,Assignment 13,Assignment 14
Synthetic Student 001,SYN-EXP-000001,SYN-SIS-000001,synthetic001,astone29@schoolname.org,Section A,40.96,51.58,,,,,,,,,,,,
Synthetic Student 002,SYN-EXP-000002,SYN-SIS-000002,synthetic002,bmiller28@schoolname.org,Section B,44.94,46.08,,,,,,,,,,,,
Synthetic Student 003,SYN-EXP-000003,SYN-SIS-000003,synthetic003,crivera27@schoolname.org,Section C,53.34,58.55,,,,,,,,,,,,
Synthetic Student 004,SYN-EXP-000004,SYN-SIS-000004,synthetic004,dnguyen27@schoolname.org,Section D,51.95,63.69,,,,,,,,,,,,
Synthetic Student 005,SYN-EXP-000005,SYN-SIS-000005,synthetic005,epatel26@schoolname.org,Section A,42.24,48.96,,,,,,,,,,,,
Synthetic Student 006,SYN-EXP-000006,SYN-SIS-000006,synthetic006,fbrooks27@schoolname.org,Section B,91.56,92.3,,,,,,,,,,,,
Synthetic Student 007,SYN-EXP-000007,SYN-SIS-000007,synthetic007,gchen26@schoolname.org,Section C,24.14,38.62,,,,,,,,,,,,
Synthetic Student 008,SYN-EXP-000008,SYN-SIS-000008,synthetic008,hdavis27@schoolname.org,Section D,38.76,38.36,,,,,,,,,,,,
Synthetic Student 009,SYN-EXP-000009,SYN-SIS-000009,synthetic009,ievans27@schoolname.org,Section A,29.72,39.32,,,,,,,,,,,,
Synthetic Student 010,SYN-EXP-000010,SYN-SIS-000010,synthetic010,jflores26@schoolname.org,Section B,97.82,87.96,,,,,,,,,,,,
Synthetic Student 011,SYN-EXP-000011,SYN-SIS-000011,synthetic011,kgarcia29@schoolname.org,Section C,49.94,56.99,,,,,,,,,,,,
Synthetic Student 012,SYN-EXP-000012,SYN-SIS-000012,synthetic012,lhayes29@schoolname.org,Section D,38.58,37.66,,,,,,,,,,,,
Synthetic Student 013,SYN-EXP-000013,SYN-SIS-000013,synthetic013,mibrahim28@schoolname.org,Section A,63.33,68.87,,,,,,,,,,,,
Synthetic Student 014,SYN-EXP-000014,SYN-SIS-000014,synthetic014,njohnson28@schoolname.org,Section B,44.38,0,,,,,,,,,,,,
Synthetic Student 015,SYN-EXP-000015,SYN-SIS-000015,synthetic015,pkim27@schoolname.org,Section C,46.29,52.83,,,,,,,,,,,,
Synthetic Student 016,SYN-EXP-000016,SYN-SIS-000016,synthetic016,qlewis29@schoolname.org,Section D,0,68.17,,,,,,,,,,,,
Synthetic Student 017,SYN-EXP-000017,SYN-SIS-000017,synthetic017,rmartinez29@schoolname.org,Section A,19.36,34.27,,,,,,,,,,,,
Synthetic Student 018,SYN-EXP-000018,SYN-SIS-000018,synthetic018,snelson28@schoolname.org,Section B,61.66,66.32,,,,,,,,,,,,
Synthetic Student 019,SYN-EXP-000019,SYN-SIS-000019,synthetic019,tortiz29@schoolname.org,Section C,17.4,33.09,,,,,,,,,,,,
Synthetic Student 020,SYN-EXP-000020,SYN-SIS-000020,synthetic020,vprice27@schoolname.org,Section D,29.99,0,,,,,,,,,,,,
Synthetic Student 021,SYN-EXP-000021,SYN-SIS-000021,synthetic021,amiller27@schoolname.org,Section A,85.46,83.54,,,,,,,,,,,,
Synthetic Student 022,SYN-EXP-000022,SYN-SIS-000022,synthetic022,brivera29@schoolname.org,Section B,21.86,43.74,,,,,,,,,,,,
Synthetic Student 023,SYN-EXP-000023,SYN-SIS-000023,synthetic023,cnguyen28@schoolname.org,Section C,86.87,82.05,,,,,,,,,,,,
Synthetic Student 024,SYN-EXP-000024,SYN-SIS-000024,synthetic024,dpatel26@schoolname.org,Section D,54.25,57.54,,,,,,,,,,,,
Synthetic Student 025,SYN-EXP-000025,SYN-SIS-000025,synthetic025,ebrooks29@schoolname.org,Section A,26.12,40.97,,,,,,,,,,,,
Synthetic Student 026,SYN-EXP-000026,SYN-SIS-000026,synthetic026,fchen28@schoolname.org,Section B,50.09,50.88,,,,,,,,,,,,
Synthetic Student 027,SYN-EXP-000027,SYN-SIS-000027,synthetic027,gdavis28@schoolname.org,Section C,69.32,78.79,,,,,,,,,,,,
Synthetic Student 028,SYN-EXP-000028,SYN-SIS-000028,synthetic028,hevans28@schoolname.org,Section D,78.08,79.63,,,,,,,,,,,,
Synthetic Student 029,SYN-EXP-000029,SYN-SIS-000029,synthetic029,iflores29@schoolname.org,Section A,51.95,62.6,,,,,,,,,,,,
Synthetic Student 030,SYN-EXP-000030,SYN-SIS-000030,synthetic030,jgarcia28@schoolname.org,Section B,20.57,0,,,,,,,,,,,,
Synthetic Student 031,SYN-EXP-000031,SYN-SIS-000031,synthetic031,khayes29@schoolname.org,Section C,0,52.68,,,,,,,,,,,,
Synthetic Student 032,SYN-EXP-000032,SYN-SIS-000032,synthetic032,librahim29@schoolname.org,Section D,44.9,46.36,,,,,,,,,,,,
Synthetic Student 033,SYN-EXP-000033,SYN-SIS-000033,synthetic033,mjohnson28@schoolname.org,Section A,49.43,58.47,,,,,,,,,,,,
Synthetic Student 034,SYN-EXP-000034,SYN-SIS-000034,synthetic034,nkim26@schoolname.org,Section B,86.93,83.05,,,,,,,,,,,,
Synthetic Student 035,SYN-EXP-000035,SYN-SIS-000035,synthetic035,plewis29@schoolname.org,Section C,26.77,33.36,,,,,,,,,,,,
Synthetic Student 036,SYN-EXP-000036,SYN-SIS-000036,synthetic036,qmartinez26@schoolname.org,Section D,30.11,39.93,,,,,,,,,,,,
Synthetic Student 037,SYN-EXP-000037,SYN-SIS-000037,synthetic037,rnelson27@schoolname.org,Section A,29.3,48.55,,,,,,,,,,,,
Synthetic Student 038,SYN-EXP-000038,SYN-SIS-000038,synthetic038,sortiz27@schoolname.org,Section B,70.91,72.66,,,,,,,,,,,,
Synthetic Student 039,SYN-EXP-000039,SYN-SIS-000039,synthetic039,tprice29@schoolname.org,Section C,0,0,,,,,,,,,,,,
Synthetic Student 040,SYN-EXP-000040,SYN-SIS-000040,synthetic040,vstone26@schoolname.org,Section D,91.27,86.65,,,,,,,,,,,,
Synthetic Student 041,SYN-EXP-000041,SYN-SIS-000041,synthetic041,arivera27@schoolname.org,Section A,46.07,61.71,,,,,,,,,,,,
Synthetic Student 042,SYN-EXP-000042,SYN-SIS-000042,synthetic042,bnguyen26@schoolname.org,Section B,54.93,61.84,,,,,,,,,,,,
Synthetic Student 043,SYN-EXP-000043,SYN-SIS-000043,synthetic043,cpatel27@schoolname.org,Section C,12,29.7,,,,,,,,,,,,
Synthetic Student 044,SYN-EXP-000044,SYN-SIS-000044,synthetic044,dbrooks26@schoolname.org,Section D,36.28,45.38,,,,,,,,,,,,
Synthetic Student 045,SYN-EXP-000045,SYN-SIS-000045,synthetic045,echen29@schoolname.org,Section A,29.9,41.14,,,,,,,,,,,,
Synthetic Student 046,SYN-EXP-000046,SYN-SIS-000046,synthetic046,fdavis29@schoolname.org,Section B,46.85,48.99,,,,,,,,,,,,
Synthetic Student 047,SYN-EXP-000047,SYN-SIS-000047,synthetic047,gevans27@schoolname.org,Section C,45.1,44.66,,,,,,,,,,,,
Synthetic Student 048,SYN-EXP-000048,SYN-SIS-000048,synthetic048,hflores26@schoolname.org,Section D,58.38,70.31,,,,,,,,,,,,
Synthetic Student 049,SYN-EXP-000049,SYN-SIS-000049,synthetic049,igarcia26@schoolname.org,Section A,73.99,71.21,,,,,,,,,,,,
Synthetic Student 050,SYN-EXP-000050,SYN-SIS-000050,synthetic050,jhayes29@schoolname.org,Section B,36.23,49.07,,,,,,,,,,,,
Synthetic Student 051,SYN-EXP-000051,SYN-SIS-000051,synthetic051,kibrahim29@schoolname.org,Section C,34.23,48.55,,,,,,,,,,,,
Synthetic Student 052,SYN-EXP-000052,SYN-SIS-000052,synthetic052,ljohnson28@schoolname.org,Section D,0,72.51,,,,,,,,,,,,
Synthetic Student 053,SYN-EXP-000053,SYN-SIS-000053,synthetic053,mkim29@schoolname.org,Section A,64.26,64.08,,,,,,,,,,,,
Synthetic Student 054,SYN-EXP-000054,SYN-SIS-000054,synthetic054,nlewis29@schoolname.org,Section B,31.26,31.22,,,,,,,,,,,,
Synthetic Student 055,SYN-EXP-000055,SYN-SIS-000055,synthetic055,pmartinez29@schoolname.org,Section C,12.49,27.1,,,,,,,,,,,,
Synthetic Student 056,SYN-EXP-000056,SYN-SIS-000056,synthetic056,qnelson26@schoolname.org,Section D,42.55,48.67,,,,,,,,,,,,
Synthetic Student 057,SYN-EXP-000057,SYN-SIS-000057,synthetic057,rortiz29@schoolname.org,Section A,9.23,27.65,,,,,,,,,,,,
Synthetic Student 058,SYN-EXP-000058,SYN-SIS-000058,synthetic058,sprice29@schoolname.org,Section B,28.4,35.76,,,,,,,,,,,,
Synthetic Student 059,SYN-EXP-000059,SYN-SIS-000059,synthetic059,tstone28@schoolname.org,Section C,16.13,24.87,,,,,,,,,,,,
Synthetic Student 060,SYN-EXP-000060,SYN-SIS-000060,synthetic060,vmiller27@schoolname.org,Section D,14.02,26.81,,,,,,,,,,,,
Synthetic Student 061,SYN-EXP-000061,SYN-SIS-000061,synthetic061,anguyen28@schoolname.org,Section A,30.27,30.96,,,,,,,,,,,,
Synthetic Student 062,SYN-EXP-000062,SYN-SIS-000062,synthetic062,bpatel29@schoolname.org,Section B,32.75,38.08,,,,,,,,,,,,
Synthetic Student 063,SYN-EXP-000063,SYN-SIS-000063,synthetic063,cbrooks28@schoolname.org,Section C,29.15,42.92,,,,,,,,,,,,
Synthetic Student 064,SYN-EXP-000064,SYN-SIS-000064,synthetic064,dchen27@schoolname.org,Section D,71.3,70.66,,,,,,,,,,,,
Synthetic Student 065,SYN-EXP-000065,SYN-SIS-000065,synthetic065,edavis29@schoolname.org,Section A,13.44,26.77,,,,,,,,,,,,
Synthetic Student 066,SYN-EXP-000066,SYN-SIS-000066,synthetic066,fevans28@schoolname.org,Section B,43.33,46.96,,,,,,,,,,,,
Synthetic Student 067,SYN-EXP-000067,SYN-SIS-000067,synthetic067,gflores28@schoolname.org,Section C,31.13,0,,,,,,,,,,,,
Synthetic Student 068,SYN-EXP-000068,SYN-SIS-000068,synthetic068,hgarcia27@schoolname.org,Section D,31.96,43.12,,,,,,,,,,,,
Synthetic Student 069,SYN-EXP-000069,SYN-SIS-000069,synthetic069,ihayes28@schoolname.org,Section A,76.96,71.12,,,,,,,,,,,,
Synthetic Student 070,SYN-EXP-000070,SYN-SIS-000070,synthetic070,jibrahim29@schoolname.org,Section B,29.14,35.82,,,,,,,,,,,,
Synthetic Student 071,SYN-EXP-000071,SYN-SIS-000071,synthetic071,kjohnson27@schoolname.org,Section C,0,76.91,,,,,,,,,,,,
Synthetic Student 072,SYN-EXP-000072,SYN-SIS-000072,synthetic072,lkim27@schoolname.org,Section D,25.53,33.11,,,,,,,,,,,,
Synthetic Student 073,SYN-EXP-000073,SYN-SIS-000073,synthetic073,mlewis28@schoolname.org,Section A,59.42,67.54,,,,,,,,,,,,
Synthetic Student 074,SYN-EXP-000074,SYN-SIS-000074,synthetic074,nmartinez26@schoolname.org,Section B,34.85,47.6,,,,,,,,,,,,
Synthetic Student 075,SYN-EXP-000075,SYN-SIS-000075,synthetic075,pnelson27@schoolname.org,Section C,91.94,87.43,,,,,,,,,,,,
Synthetic Student 076,SYN-EXP-000076,SYN-SIS-000076,synthetic076,qortiz28@schoolname.org,Section D,38.76,49.73,,,,,,,,,,,,
Synthetic Student 077,SYN-EXP-000077,SYN-SIS-000077,synthetic077,rprice27@schoolname.org,Section A,15.89,29.31,,,,,,,,,,,,
Synthetic Student 078,SYN-EXP-000078,SYN-SIS-000078,synthetic078,sstone28@schoolname.org,Section B,70.73,72.52,,,,,,,,,,,,
Synthetic Student 079,SYN-EXP-000079,SYN-SIS-000079,synthetic079,tmiller28@schoolname.org,Section C,70.98,67.79,,,,,,,,,,,,
Synthetic Student 080,SYN-EXP-000080,SYN-SIS-000080,synthetic080,vrivera28@schoolname.org,Section D,0,69.77,,,,,,,,,,,,
Synthetic Student 081,SYN-EXP-000081,SYN-SIS-000081,synthetic081,apatel29@schoolname.org,Section A,32.12,40.52,,,,,,,,,,,,
Synthetic Student 082,SYN-EXP-000082,SYN-SIS-000082,synthetic082,bbrooks27@schoolname.org,Section B,72.74,76.16,,,,,,,,,,,,
Synthetic Student 083,SYN-EXP-000083,SYN-SIS-000083,synthetic083,cchen27@schoolname.org,Section C,64.29,64.24,,,,,,,,,,,,
Synthetic Student 084,SYN-EXP-000084,SYN-SIS-000084,synthetic084,ddavis29@schoolname.org,Section D,54.01,56.32,,,,,,,,,,,,
Synthetic Student 085,SYN-EXP-000085,SYN-SIS-000085,synthetic085,eevans29@schoolname.org,Section A,33.23,37.2,,,,,,,,,,,,
Synthetic Student 086,SYN-EXP-000086,SYN-SIS-000086,synthetic086,fflores29@schoolname.org,Section B,8.2,20.43,,,,,,,,,,,,
Synthetic Student 087,SYN-EXP-000087,SYN-SIS-000087,synthetic087,ggarcia28@schoolname.org,Section C,41.3,44.93,,,,,,,,,,,,
Synthetic Student 088,SYN-EXP-000088,SYN-SIS-000088,synthetic088,hhayes28@schoolname.org,Section D,66.37,58.11,,,,,,,,,,,,
Synthetic Student 089,SYN-EXP-000089,SYN-SIS-000089,synthetic089,iibrahim27@schoolname.org,Section A,0,0,,,,,,,,,,,,
Synthetic Student 090,SYN-EXP-000090,SYN-SIS-000090,synthetic090,jjohnson27@schoolname.org,Section B,0,52.41,,,,,,,,,,,,
Synthetic Student 091,SYN-EXP-000091,SYN-SIS-000091,synthetic091,kkim28@schoolname.org,Section C,75.51,74.28,,,,,,,,,,,,
Synthetic Student 092,SYN-EXP-000092,SYN-SIS-000092,synthetic092,llewis29@schoolname.org,Section D,0,81.36,,,,,,,,,,,,
Synthetic Student 093,SYN-EXP-000093,SYN-SIS-000093,synthetic093,mmartinez26@schoolname.org,Section A,43.2,47.75,,,,,,,,,,,,
Synthetic Student 094,SYN-EXP-000094,SYN-SIS-000094,synthetic094,nnelson28@schoolname.org,Section B,44.12,51.11,,,,,,,,,,,,
Synthetic Student 095,SYN-EXP-000095,SYN-SIS-000095,synthetic095,portiz26@schoolname.org,Section C,65.93,73.46,,,,,,,,,,,,
Synthetic Student 096,SYN-EXP-000096,SYN-SIS-000096,synthetic096,qprice26@schoolname.org,Section D,36.35,44.9,,,,,,,,,,,,
Synthetic Student 097,SYN-EXP-000097,SYN-SIS-000097,synthetic097,rstone28@schoolname.org,Section A,89.82,86.25,,,,,,,,,,,,
Synthetic Student 098,SYN-EXP-000098,SYN-SIS-000098,synthetic098,smiller28@schoolname.org,Section B,19.08,31.64,,,,,,,,,,,,
Synthetic Student 099,SYN-EXP-000099,SYN-SIS-000099,synthetic099,trivera26@schoolname.org,Section C,57.08,0,,,,,,,,,,,,
Synthetic Student 100,SYN-EXP-000100,SYN-SIS-000100,synthetic100,vnguyen29@schoolname.org,Section D,22.94,34.65,,,,,,,,,,,,
Synthetic Student 101,SYN-EXP-000101,SYN-SIS-000101,synthetic101,abrooks26@schoolname.org,Section A,23.14,36.99,,,,,,,,,,,,
Synthetic Student 102,SYN-EXP-000102,SYN-SIS-000102,synthetic102,bchen26@schoolname.org,Section B,16.53,27.43,,,,,,,,,,,,
Synthetic Student 103,SYN-EXP-000103,SYN-SIS-000103,synthetic103,cdavis26@schoolname.org,Section C,39.39,49.37,,,,,,,,,,,,
Synthetic Student 104,SYN-EXP-000104,SYN-SIS-000104,synthetic104,devans26@schoolname.org,Section D,70.51,0,,,,,,,,,,,,
Synthetic Student 105,SYN-EXP-000105,SYN-SIS-000105,synthetic105,eflores29@schoolname.org,Section A,12.79,31.24,,,,,,,,,,,,
Synthetic Student 106,SYN-EXP-000106,SYN-SIS-000106,synthetic106,fgarcia26@schoolname.org,Section B,49.85,55.7,,,,,,,,,,,,
Synthetic Student 107,SYN-EXP-000107,SYN-SIS-000107,synthetic107,ghayes27@schoolname.org,Section C,59.4,65.67,,,,,,,,,,,,
Synthetic Student 108,SYN-EXP-000108,SYN-SIS-000108,synthetic108,hibrahim27@schoolname.org,Section D,83.7,87.9,,,,,,,,,,,,
Synthetic Student 109,SYN-EXP-000109,SYN-SIS-000109,synthetic109,ijohnson28@schoolname.org,Section A,70.02,76.1,,,,,,,,,,,,
Synthetic Student 110,SYN-EXP-000110,SYN-SIS-000110,synthetic110,jkim28@schoolname.org,Section B,21.51,34.49,,,,,,,,,,,,
Synthetic Student 111,SYN-EXP-000111,SYN-SIS-000111,synthetic111,klewis29@schoolname.org,Section C,18.02,30.79,,,,,,,,,,,,
Synthetic Student 112,SYN-EXP-000112,SYN-SIS-000112,synthetic112,lmartinez29@schoolname.org,Section D,72.04,72.21,,,,,,,,,,,,
Synthetic Student 113,SYN-EXP-000113,SYN-SIS-000113,synthetic113,mnelson29@schoolname.org,Section A,65.1,70.7,,,,,,,,,,,,
Synthetic Student 114,SYN-EXP-000114,SYN-SIS-000114,synthetic114,nortiz29@schoolname.org,Section B,12.36,15.67,,,,,,,,,,,,
Synthetic Student 115,SYN-EXP-000115,SYN-SIS-000115,synthetic115,pprice28@schoolname.org,Section C,85.69,83.92,,,,,,,,,,,,
Synthetic Student 116,SYN-EXP-000116,SYN-SIS-000116,synthetic116,qstone29@schoolname.org,Section D,0,0,,,,,,,,,,,,
Synthetic Student 117,SYN-EXP-000117,SYN-SIS-000117,synthetic117,rmiller26@schoolname.org,Section A,37.49,42.96,,,,,,,,,,,,
Synthetic Student 118,SYN-EXP-000118,SYN-SIS-000118,synthetic118,srivera26@schoolname.org,Section B,84.66,87.19,,,,,,,,,,,,
Synthetic Student 119,SYN-EXP-000119,SYN-SIS-000119,synthetic119,tnguyen29@schoolname.org,Section C,43.97,47.7,,,,,,,,,,,,
Synthetic Student 120,SYN-EXP-000120,SYN-SIS-000120,synthetic120,vpatel28@schoolname.org,Section D,40.57,48.38,,,,,,,,,,,,
Synthetic Student 121,SYN-EXP-000121,SYN-SIS-000121,synthetic121,achen28@schoolname.org,Section A,28.8,37.11,,,,,,,,,,,,
Synthetic Student 122,SYN-EXP-000122,SYN-SIS-000122,synthetic122,bdavis28@schoolname.org,Section B,39.27,46.43,,,,,,,,,,,,
Synthetic Student 123,SYN-EXP-000123,SYN-SIS-000123,synthetic123,cevans28@schoolname.org,Section C,42.04,54.14,,,,,,,,,,,,
Synthetic Student 124,SYN-EXP-000124,SYN-SIS-000124,synthetic124,dflores26@schoolname.org,Section D,62.26,63.93,,,,,,,,,,,,
Synthetic Student 125,SYN-EXP-000125,SYN-SIS-000125,synthetic125,egarcia26@schoolname.org,Section A,37.37,48.07,,,,,,,,,,,,
Synthetic Student 126,SYN-EXP-000126,SYN-SIS-000126,synthetic126,fhayes29@schoolname.org,Section B,21.55,31.12,,,,,,,,,,,,
Synthetic Student 127,SYN-EXP-000127,SYN-SIS-000127,synthetic127,gibrahim29@schoolname.org,Section C,38.22,48.08,,,,,,,,,,,,
Synthetic Student 128,SYN-EXP-000128,SYN-SIS-000128,synthetic128,hjohnson28@schoolname.org,Section D,46.07,52.58,,,,,,,,,,,,
Synthetic Student 129,SYN-EXP-000129,SYN-SIS-000129,synthetic129,ikim26@schoolname.org,Section A,87.64,87.45,,,,,,,,,,,,
Synthetic Student 130,SYN-EXP-000130,SYN-SIS-000130,synthetic130,jlewis27@schoolname.org,Section B,71.65,74.22,,,,,,,,,,,,
Synthetic Student 131,SYN-EXP-000131,SYN-SIS-000131,synthetic131,kmartinez26@schoolname.org,Section C,44.14,51.19,,,,,,,,,,,,
Synthetic Student 132,SYN-EXP-000132,SYN-SIS-000132,synthetic132,lnelson28@schoolname.org,Section D,49.62,52.46,,,,,,,,,,,,
Synthetic Student 133,SYN-EXP-000133,SYN-SIS-000133,synthetic133,mortiz27@schoolname.org,Section A,0,0,,,,,,,,,,,,
Synthetic Student 134,SYN-EXP-000134,SYN-SIS-000134,synthetic134,nprice28@schoolname.org,Section B,50.59,57.76,,,,,,,,,,,,
Synthetic Student 135,SYN-EXP-000135,SYN-SIS-000135,synthetic135,pstone27@schoolname.org,Section C,31.72,41.3,,,,,,,,,,,,
Synthetic Student 136,SYN-EXP-000136,SYN-SIS-000136,synthetic136,qmiller27@schoolname.org,Section D,36.29,40.57,,,,,,,,,,,,
Synthetic Student 137,SYN-EXP-000137,SYN-SIS-000137,synthetic137,rrivera26@schoolname.org,Section A,25.06,30.32,,,,,,,,,,,,
Synthetic Student 138,SYN-EXP-000138,SYN-SIS-000138,synthetic138,snguyen26@schoolname.org,Section B,34.83,49.4,,,,,,,,,,,,
Synthetic Student 139,SYN-EXP-000139,SYN-SIS-000139,synthetic139,tpatel27@schoolname.org,Section C,0,67.56,,,,,,,,,,,,
Synthetic Student 140,SYN-EXP-000140,SYN-SIS-000140,synthetic140,vbrooks28@schoolname.org,Section D,32.99,48.46,,,,,,,,,,,,
Synthetic Student 141,SYN-EXP-000141,SYN-SIS-000141,synthetic141,adavis26@schoolname.org,Section A,51.97,58.6,,,,,,,,,,,,
Synthetic Student 142,SYN-EXP-000142,SYN-SIS-000142,synthetic142,bevans29@schoolname.org,Section B,54.67,61.54,,,,,,,,,,,,
Synthetic Student 143,SYN-EXP-000143,SYN-SIS-000143,synthetic143,cflores29@schoolname.org,Section C,39.74,49.36,,,,,,,,,,,,
Synthetic Student 144,SYN-EXP-000144,SYN-SIS-000144,synthetic144,dgarcia26@schoolname.org,Section D,42.88,49.63,,,,,,,,,,,,
Synthetic Student 145,SYN-EXP-000145,SYN-SIS-000145,synthetic145,ehayes28@schoolname.org,Section A,0,45.38,,,,,,,,,,,,
Synthetic Student 146,SYN-EXP-000146,SYN-SIS-000146,synthetic146,fibrahim29@schoolname.org,Section B,43.35,50.24,,,,,,,,,,,,
Synthetic Student 147,SYN-EXP-000147,SYN-SIS-000147,synthetic147,gjohnson27@schoolname.org,Section C,71.64,74.9,,,,,,,,,,,,
Synthetic Student 148,SYN-EXP-000148,SYN-SIS-000148,synthetic148,hkim28@schoolname.org,Section D,84.38,82.91,,,,,,,,,,,,
Synthetic Student 149,SYN-EXP-000149,SYN-SIS-000149,synthetic149,ilewis29@schoolname.org,Section A,40.78,45.51,,,,,,,,,,,,
Synthetic Student 150,SYN-EXP-000150,SYN-SIS-000150,synthetic150,jmartinez29@schoolname.org,Section B,79.51,75.58,,,,,,,,,,,,
Synthetic Student 151,SYN-EXP-000151,SYN-SIS-000151,synthetic151,knelson29@schoolname.org,Section C,21.84,33.78,,,,,,,,,,,,
Synthetic Student 152,SYN-EXP-000152,SYN-SIS-000152,synthetic152,lortiz28@schoolname.org,Section D,42.17,49.34,,,,,,,,,,,,
Synthetic Student 153,SYN-EXP-000153,SYN-SIS-000153,synthetic153,mprice26@schoolname.org,Section A,43.31,57.98,,,,,,,,,,,,
Synthetic Student 154,SYN-EXP-000154,SYN-SIS-000154,synthetic154,nstone27@schoolname.org,Section B,33.76,41.08,,,,,,,,,,,,
Synthetic Student 155,SYN-EXP-000155,SYN-SIS-000155,synthetic155,pmiller28@schoolname.org,Section C,73.62,72.51,,,,,,,,,,,,
Synthetic Student 156,SYN-EXP-000156,SYN-SIS-000156,synthetic156,qrivera29@schoolname.org,Section D,29.98,40.2,,,,,,,,,,,,
Synthetic Student 157,SYN-EXP-000157,SYN-SIS-000157,synthetic157,rnguyen29@schoolname.org,Section A,66.49,75.79,,,,,,,,,,,,
Synthetic Student 158,SYN-EXP-000158,SYN-SIS-000158,synthetic158,spatel27@schoolname.org,Section B,66.94,70.74,,,,,,,,,,,,
Synthetic Student 159,SYN-EXP-000159,SYN-SIS-000159,synthetic159,tbrooks28@schoolname.org,Section C,33.73,42.88,,,,,,,,,,,,
Synthetic Student 160,SYN-EXP-000160,SYN-SIS-000160,synthetic160,vchen29@schoolname.org,Section D,7.73,28.84,,,,,,,,,,,,
Synthetic Student 161,SYN-EXP-000161,SYN-SIS-000161,synthetic161,aevans27@schoolname.org,Section A,63.2,65.26,,,,,,,,,,,,
Synthetic Student 162,SYN-EXP-000162,SYN-SIS-000162,synthetic162,bflores26@schoolname.org,Section B,64.51,67.34,,,,,,,,,,,,
Synthetic Student 163,SYN-EXP-000163,SYN-SIS-000163,synthetic163,cgarcia26@schoolname.org,Section C,56.11,59.16,,,,,,,,,,,,
Synthetic Student 164,SYN-EXP-000164,SYN-SIS-000164,synthetic164,dhayes28@schoolname.org,Section D,68.82,0,,,,,,,,,,,,
Synthetic Student 165,SYN-EXP-000165,SYN-SIS-000165,synthetic165,eibrahim28@schoolname.org,Section A,30.86,40.63,,,,,,,,,,,,
Synthetic Student 166,SYN-EXP-000166,SYN-SIS-000166,synthetic166,fjohnson29@schoolname.org,Section B,22.6,28.55,,,,,,,,,,,,
Synthetic Student 167,SYN-EXP-000167,SYN-SIS-000167,synthetic167,gkim29@schoolname.org,Section C,54.73,58.57,,,,,,,,,,,,
Synthetic Student 168,SYN-EXP-000168,SYN-SIS-000168,synthetic168,hlewis26@schoolname.org,Section D,72.5,70.33,,,,,,,,,,,,
Synthetic Student 169,SYN-EXP-000169,SYN-SIS-000169,synthetic169,imartinez26@schoolname.org,Section A,32.32,43.67,,,,,,,,,,,,
Synthetic Student 170,SYN-EXP-000170,SYN-SIS-000170,synthetic170,jnelson29@schoolname.org,Section B,40.28,48.31,,,,,,,,,,,,
Synthetic Student 171,SYN-EXP-000171,SYN-SIS-000171,synthetic171,kortiz29@schoolname.org,Section C,38.43,45.09,,,,,,,,,,,,
Synthetic Student 172,SYN-EXP-000172,SYN-SIS-000172,synthetic172,lprice29@schoolname.org,Section D,51.42,0,,,,,,,,,,,,
Synthetic Student 173,SYN-EXP-000173,SYN-SIS-000173,synthetic173,mstone29@schoolname.org,Section A,8.68,27.64,,,,,,,,,,,,
Synthetic Student 174,SYN-EXP-000174,SYN-SIS-000174,synthetic174,nmiller28@schoolname.org,Section B,67.4,63.56,,,,,,,,,,,,
Synthetic Student 175,SYN-EXP-000175,SYN-SIS-000175,synthetic175,privera27@schoolname.org,Section C,32.11,38.38,,,,,,,,,,,,
Synthetic Student 176,SYN-EXP-000176,SYN-SIS-000176,synthetic176,qnguyen28@schoolname.org,Section D,38.56,47.28,,,,,,,,,,,,
Synthetic Student 177,SYN-EXP-000177,SYN-SIS-000177,synthetic177,rpatel29@schoolname.org,Section A,65.46,74.56,,,,,,,,,,,,
Synthetic Student 178,SYN-EXP-000178,SYN-SIS-000178,synthetic178,sbrooks29@schoolname.org,Section B,56.07,0,,,,,,,,,,,,
Synthetic Student 179,SYN-EXP-000179,SYN-SIS-000179,synthetic179,tchen26@schoolname.org,Section C,32.28,39.97,,,,,,,,,,,,
Synthetic Student 180,SYN-EXP-000180,SYN-SIS-000180,synthetic180,vdavis29@schoolname.org,Section D,38.68,44.17,,,,,,,,,,,,
Synthetic Student 181,SYN-EXP-000181,SYN-SIS-000181,synthetic181,aflores28@schoolname.org,Section A,39.24,46.6,,,,,,,,,,,,
Synthetic Student 182,SYN-EXP-000182,SYN-SIS-000182,synthetic182,bgarcia26@schoolname.org,Section B,49.28,0,,,,,,,,,,,,
Synthetic Student 183,SYN-EXP-000183,SYN-SIS-000183,synthetic183,chayes28@schoolname.org,Section C,40.66,47.93,,,,,,,,,,,,
Synthetic Student 184,SYN-EXP-000184,SYN-SIS-000184,synthetic184,dibrahim29@schoolname.org,Section D,33.62,40.5,,,,,,,,,,,,
Synthetic Student 185,SYN-EXP-000185,SYN-SIS-000185,synthetic185,ejohnson27@schoolname.org,Section A,19.1,36.62,,,,,,,,,,,,
Synthetic Student 186,SYN-EXP-000186,SYN-SIS-000186,synthetic186,fkim27@schoolname.org,Section B,20.65,30.26,,,,,,,,,,,,
Synthetic Student 187,SYN-EXP-000187,SYN-SIS-000187,synthetic187,glewis26@schoolname.org,Section C,51.13,53.24,,,,,,,,,,,,
Synthetic Student 188,SYN-EXP-000188,SYN-SIS-000188,synthetic188,hmartinez28@schoolname.org,Section D,45.98,47.98,,,,,,,,,,,,
Synthetic Student 189,SYN-EXP-000189,SYN-SIS-000189,synthetic189,inelson28@schoolname.org,Section A,55.89,61.03,,,,,,,,,,,,
Synthetic Student 190,SYN-EXP-000190,SYN-SIS-000190,synthetic190,jortiz26@schoolname.org,Section B,56.45,65.33,,,,,,,,,,,,
Synthetic Student 191,SYN-EXP-000191,SYN-SIS-000191,synthetic191,kprice27@schoolname.org,Section C,86.76,79.35,,,,,,,,,,,,
Synthetic Student 192,SYN-EXP-000192,SYN-SIS-000192,synthetic192,lstone27@schoolname.org,Section D,62.58,65.64,,,,,,,,,,,,
Synthetic Student 193,SYN-EXP-000193,SYN-SIS-000193,synthetic193,mmiller29@schoolname.org,Section A,21.99,30.74,,,,,,,,,,,,
Synthetic Student 194,SYN-EXP-000194,SYN-SIS-000194,synthetic194,nrivera26@schoolname.org,Section B,34.7,45.37,,,,,,,,,,,,
Synthetic Student 195,SYN-EXP-000195,SYN-SIS-000195,synthetic195,pnguyen29@schoolname.org,Section C,49.29,53.17,,,,,,,,,,,,
Synthetic Student 196,SYN-EXP-000196,SYN-SIS-000196,synthetic196,qpatel29@schoolname.org,Section D,0,59.59,,,,,,,,,,,,
Synthetic Student 197,SYN-EXP-000197,SYN-SIS-000197,synthetic197,rbrooks28@schoolname.org,Section A,60.08,66.1,,,,,,,,,,,,
Synthetic Student 198,SYN-EXP-000198,SYN-SIS-000198,synthetic198,schen28@schoolname.org,Section B,55.66,58.31,,,,,,,,,,,,
Synthetic Student 199,SYN-EXP-000199,SYN-SIS-000199,synthetic199,tdavis26@schoolname.org,Section C,37.67,42.1,,,,,,,,,,,,
Synthetic Student 200,SYN-EXP-000200,SYN-SIS-000200,synthetic200,vevans29@schoolname.org,Section D,76.68,77.89,,,,,,,,,,,,
Synthetic Student 201,SYN-EXP-000201,SYN-SIS-000201,synthetic201,agarcia28@schoolname.org,Section A,14.15,33.91,,,,,,,,,,,,
Synthetic Student 202,SYN-EXP-000202,SYN-SIS-000202,synthetic202,bhayes28@schoolname.org,Section B,20.39,40.06,,,,,,,,,,,,
Synthetic Student 203,SYN-EXP-000203,SYN-SIS-000203,synthetic203,cibrahim27@schoolname.org,Section C,52.95,60.47,,,,,,,,,,,,
Synthetic Student 204,SYN-EXP-000204,SYN-SIS-000204,synthetic204,djohnson29@schoolname.org,Section D,27.88,34.02,,,,,,,,,,,,
Synthetic Student 205,SYN-EXP-000205,SYN-SIS-000205,synthetic205,ekim29@schoolname.org,Section A,33.26,39.27,,,,,,,,,,,,
Synthetic Student 206,SYN-EXP-000206,SYN-SIS-000206,synthetic206,flewis29@schoolname.org,Section B,70.85,72.42,,,,,,,,,,,,
Synthetic Student 207,SYN-EXP-000207,SYN-SIS-000207,synthetic207,gmartinez26@schoolname.org,Section C,23.75,41.93,,,,,,,,,,,,
Synthetic Student 208,SYN-EXP-000208,SYN-SIS-000208,synthetic208,hnelson29@schoolname.org,Section D,0,65.03,,,,,,,,,,,,
Synthetic Student 209,SYN-EXP-000209,SYN-SIS-000209,synthetic209,iortiz27@schoolname.org,Section A,39.11,43.22,,,,,,,,,,,,
Synthetic Student 210,SYN-EXP-000210,SYN-SIS-000210,synthetic210,jprice27@schoolname.org,Section B,43.85,53.12,,,,,,,,,,,,
Synthetic Student 211,SYN-EXP-000211,SYN-SIS-000211,synthetic211,kstone27@schoolname.org,Section C,49.4,46.94,,,,,,,,,,,,
Synthetic Student 212,SYN-EXP-000212,SYN-SIS-000212,synthetic212,lmiller28@schoolname.org,Section D,13.76,22.38,,,,,,,,,,,,
Synthetic Student 213,SYN-EXP-000213,SYN-SIS-000213,synthetic213,mrivera27@schoolname.org,Section A,43.29,44.06,,,,,,,,,,,,
Synthetic Student 214,SYN-EXP-000214,SYN-SIS-000214,synthetic214,nnguyen26@schoolname.org,Section B,67.03,64.37,,,,,,,,,,,,
Synthetic Student 215,SYN-EXP-000215,SYN-SIS-000215,synthetic215,ppatel29@schoolname.org,Section C,48,49.59,,,,,,,,,,,,
Synthetic Student 216,SYN-EXP-000216,SYN-SIS-000216,synthetic216,qbrooks29@schoolname.org,Section D,29.52,37.99,,,,,,,,,,,,
Synthetic Student 217,SYN-EXP-000217,SYN-SIS-000217,synthetic217,rchen26@schoolname.org,Section A,49.17,47.81,,,,,,,,,,,,
Synthetic Student 218,SYN-EXP-000218,SYN-SIS-000218,synthetic218,sdavis27@schoolname.org,Section B,42.58,49.47,,,,,,,,,,,,
Synthetic Student 219,SYN-EXP-000219,SYN-SIS-000219,synthetic219,tevans29@schoolname.org,Section C,88.88,0,,,,,,,,,,,,
Synthetic Student 220,SYN-EXP-000220,SYN-SIS-000220,synthetic220,vflores27@schoolname.org,Section D,63.33,65.39,,,,,,,,,,,,
Synthetic Student 221,SYN-EXP-000221,SYN-SIS-000221,synthetic221,ahayes29@schoolname.org,Section A,24.58,39.11,,,,,,,,,,,,
Synthetic Student 222,SYN-EXP-000222,SYN-SIS-000222,synthetic222,bibrahim29@schoolname.org,Section B,0,65.94,,,,,,,,,,,,
Synthetic Student 223,SYN-EXP-000223,SYN-SIS-000223,synthetic223,cjohnson27@schoolname.org,Section C,59.53,0,,,,,,,,,,,,
Synthetic Student 224,SYN-EXP-000224,SYN-SIS-000224,synthetic224,dkim26@schoolname.org,Section D,31.48,35.39,,,,,,,,,,,,
Synthetic Student 225,SYN-EXP-000225,SYN-SIS-000225,synthetic225,elewis29@schoolname.org,Section A,48.26,48.47,,,,,,,,,,,,
Synthetic Student 226,SYN-EXP-000226,SYN-SIS-000226,synthetic226,fmartinez27@schoolname.org,Section B,37.96,48.35,,,,,,,,,,,,
Synthetic Student 227,SYN-EXP-000227,SYN-SIS-000227,synthetic227,gnelson27@schoolname.org,Section C,58.46,63.52,,,,,,,,,,,,
Synthetic Student 228,SYN-EXP-000228,SYN-SIS-000228,synthetic228,hortiz27@schoolname.org,Section D,13.78,26.64,,,,,,,,,,,,
Synthetic Student 229,SYN-EXP-000229,SYN-SIS-000229,synthetic229,iprice27@schoolname.org,Section A,46.78,50.25,,,,,,,,,,,,
Synthetic Student 230,SYN-EXP-000230,SYN-SIS-000230,synthetic230,jstone28@schoolname.org,Section B,89.2,88,,,,,,,,,,,,
Synthetic Student 231,SYN-EXP-000231,SYN-SIS-000231,synthetic231,kmiller29@schoolname.org,Section C,26.66,39.47,,,,,,,,,,,,
Synthetic Student 232,SYN-EXP-000232,SYN-SIS-000232,synthetic232,lrivera26@schoolname.org,Section D,51.51,55.2,,,,,,,,,,,,
Synthetic Student 233,SYN-EXP-000233,SYN-SIS-000233,synthetic233,mnguyen26@schoolname.org,Section A,69.69,67.96,,,,,,,,,,,,
Synthetic Student 234,SYN-EXP-000234,SYN-SIS-000234,synthetic234,npatel28@schoolname.org,Section B,39.95,0,,,,,,,,,,,,
Synthetic Student 235,SYN-EXP-000235,SYN-SIS-000235,synthetic235,pbrooks28@schoolname.org,Section C,19.2,0,,,,,,,,,,,,
Synthetic Student 236,SYN-EXP-000236,SYN-SIS-000236,synthetic236,qchen29@schoolname.org,Section D,11.03,24.46,,,,,,,,,,,,
Synthetic Student 237,SYN-EXP-000237,SYN-SIS-000237,synthetic237,rdavis28@schoolname.org,Section A,91.23,89.13,,,,,,,,,,,,
Synthetic Student 238,SYN-EXP-000238,SYN-SIS-000238,synthetic238,sevans28@schoolname.org,Section B,84.19,81.58,,,,,,,,,,,,
Synthetic Student 239,SYN-EXP-000239,SYN-SIS-000239,synthetic239,tflores26@schoolname.org,Section C,44.74,53.83,,,,,,,,,,,,
Synthetic Student 240,SYN-EXP-000240,SYN-SIS-000240,synthetic240,vgarcia28@schoolname.org,Section D,92.45,90.12,,,,,,,,,,,,
Synthetic Student 241,SYN-EXP-000241,SYN-SIS-000241,synthetic241,aibrahim28@schoolname.org,Section A,74.44,78.07,,,,,,,,,,,,
Synthetic Student 242,SYN-EXP-000242,SYN-SIS-000242,synthetic242,bjohnson28@schoolname.org,Section B,33.04,47.88,,,,,,,,,,,,
Synthetic Student 243,SYN-EXP-000243,SYN-SIS-000243,synthetic243,ckim26@schoolname.org,Section C,83.4,83.37,,,,,,,,,,,,
Synthetic Student 244,SYN-EXP-000244,SYN-SIS-000244,synthetic244,dlewis28@schoolname.org,Section D,75.84,74.31,,,,,,,,,,,,
Synthetic Student 245,SYN-EXP-000245,SYN-SIS-000245,synthetic245,emartinez27@schoolname.org,Section A,40.8,46.97,,,,,,,,,,,,
Synthetic Student 246,SYN-EXP-000246,SYN-SIS-000246,synthetic246,fnelson29@schoolname.org,Section B,85.53,82.93,,,,,,,,,,,,
Synthetic Student 247,SYN-EXP-000247,SYN-SIS-000247,synthetic247,gortiz27@schoolname.org,Section C,62.06,65.36,,,,,,,,,,,,
Synthetic Student 248,SYN-EXP-000248,SYN-SIS-000248,synthetic248,hprice26@schoolname.org,Section D,27.44,37.47,,,,,,,,,,,,
Synthetic Student 249,SYN-EXP-000249,SYN-SIS-000249,synthetic249,istone28@schoolname.org,Section A,71.19,67.35,,,,,,,,,,,,
Synthetic Student 250,SYN-EXP-000250,SYN-SIS-000250,synthetic250,jmiller26@schoolname.org,Section B,95.45,95.18,,,,,,,,,,,,
Synthetic Student 251,SYN-EXP-000251,SYN-SIS-000251,synthetic251,krivera29@schoolname.org,Section C,68.61,71.91,,,,,,,,,,,,
Synthetic Student 252,SYN-EXP-000252,SYN-SIS-000252,synthetic252,lnguyen26@schoolname.org,Section D,67.94,69.43,,,,,,,,,,,,
Synthetic Student 253,SYN-EXP-000253,SYN-SIS-000253,synthetic253,mpatel28@schoolname.org,Section A,49.54,54.21,,,,,,,,,,,,
Synthetic Student 254,SYN-EXP-000254,SYN-SIS-000254,synthetic254,nbrooks28@schoolname.org,Section B,24.34,29.15,,,,,,,,,,,,
Synthetic Student 255,SYN-EXP-000255,SYN-SIS-000255,synthetic255,pchen27@schoolname.org,Section C,0,77.63,,,,,,,,,,,,
Synthetic Student 256,SYN-EXP-000256,SYN-SIS-000256,synthetic256,qdavis26@schoolname.org,Section D,98.96,0,,,,,,,,,,,,
Synthetic Student 257,SYN-EXP-000257,SYN-SIS-000257,synthetic257,revans28@schoolname.org,Section A,25.67,39.12,,,,,,,,,,,,
Synthetic Student 258,SYN-EXP-000258,SYN-SIS-000258,synthetic258,sflores28@schoolname.org,Section B,36.89,44.14,,,,,,,,,,,,
Synthetic Student 259,SYN-EXP-000259,SYN-SIS-000259,synthetic259,tgarcia28@schoolname.org,Section C,38.97,51.53,,,,,,,,,,,,
Synthetic Student 260,SYN-EXP-000260,SYN-SIS-000260,synthetic260,vhayes29@schoolname.org,Section D,27.39,38.9,,,,,,,,,,,,
Synthetic Student 261,SYN-EXP-000261,SYN-SIS-000261,synthetic261,ajohnson29@schoolname.org,Section A,78.01,0,,,,,,,,,,,,
Synthetic Student 262,SYN-EXP-000262,SYN-SIS-000262,synthetic262,bkim27@schoolname.org,Section B,77.87,73.87,,,,,,,,,,,,
Synthetic Student 263,SYN-EXP-000263,SYN-SIS-000263,synthetic263,clewis29@schoolname.org,Section C,48.3,48.9,,,,,,,,,,,,
Synthetic Student 264,SYN-EXP-000264,SYN-SIS-000264,synthetic264,dmartinez27@schoolname.org,Section D,31,45.92,,,,,,,,,,,,
Synthetic Student 265,SYN-EXP-000265,SYN-SIS-000265,synthetic265,enelson29@schoolname.org,Section A,36.27,48.07,,,,,,,,,,,,
Synthetic Student 266,SYN-EXP-000266,SYN-SIS-000266,synthetic266,fortiz28@schoolname.org,Section B,34.66,39.57,,,,,,,,,,,,
Synthetic Student 267,SYN-EXP-000267,SYN-SIS-000267,synthetic267,gprice28@schoolname.org,Section C,58.21,63.26,,,,,,,,,,,,
Synthetic Student 268,SYN-EXP-000268,SYN-SIS-000268,synthetic268,hstone29@schoolname.org,Section D,35.1,0,,,,,,,,,,,,
Synthetic Student 269,SYN-EXP-000269,SYN-SIS-000269,synthetic269,imiller26@schoolname.org,Section A,56.18,54.95,,,,,,,,,,,,
Synthetic Student 270,SYN-EXP-000270,SYN-SIS-000270,synthetic270,jrivera29@schoolname.org,Section B,7.28,25.15,,,,,,,,,,,,
Synthetic Student 271,SYN-EXP-000271,SYN-SIS-000271,synthetic271,knguyen29@schoolname.org,Section C,20.27,31.69,,,,,,,,,,,,
Synthetic Student 272,SYN-EXP-000272,SYN-SIS-000272,synthetic272,lpatel27@schoolname.org,Section D,43.59,51.95,,,,,,,,,,,,
Synthetic Student 273,SYN-EXP-000273,SYN-SIS-000273,synthetic273,mbrooks28@schoolname.org,Section A,15.35,0,,,,,,,,,,,,
Synthetic Student 274,SYN-EXP-000274,SYN-SIS-000274,synthetic274,nchen29@schoolname.org,Section B,36.15,45.66,,,,,,,,,,,,
Synthetic Student 275,SYN-EXP-000275,SYN-SIS-000275,synthetic275,pdavis27@schoolname.org,Section C,72.14,73.15,,,,,,,,,,,,
Synthetic Student 276,SYN-EXP-000276,SYN-SIS-000276,synthetic276,qevans27@schoolname.org,Section D,82.38,75.7,,,,,,,,,,,,
Synthetic Student 277,SYN-EXP-000277,SYN-SIS-000277,synthetic277,rflores26@schoolname.org,Section A,76.67,78.47,,,,,,,,,,,,
Synthetic Student 278,SYN-EXP-000278,SYN-SIS-000278,synthetic278,sgarcia28@schoolname.org,Section B,13.76,30.35,,,,,,,,,,,,
Synthetic Student 279,SYN-EXP-000279,SYN-SIS-000279,synthetic279,thayes29@schoolname.org,Section C,21.59,32.21,,,,,,,,,,,,
Synthetic Student 280,SYN-EXP-000280,SYN-SIS-000280,synthetic280,vibrahim29@schoolname.org,Section D,9.67,31.53,,,,,,,,,,,,
Synthetic Student 281,SYN-EXP-000281,SYN-SIS-000281,synthetic281,akim29@schoolname.org,Section A,0,41.99,,,,,,,,,,,,
Synthetic Student 282,SYN-EXP-000282,SYN-SIS-000282,synthetic282,blewis27@schoolname.org,Section B,77.82,78.79,,,,,,,,,,,,
Synthetic Student 283,SYN-EXP-000283,SYN-SIS-000283,synthetic283,cmartinez29@schoolname.org,Section C,38.95,38.91,,,,,,,,,,,,
Synthetic Student 284,SYN-EXP-000284,SYN-SIS-000284,synthetic284,dnelson26@schoolname.org,Section D,54.19,60.51,,,,,,,,,,,,
Synthetic Student 285,SYN-EXP-000285,SYN-SIS-000285,synthetic285,eortiz27@schoolname.org,Section A,0,64.9,,,,,,,,,,,,
Synthetic Student 286,SYN-EXP-000286,SYN-SIS-000286,synthetic286,fprice27@schoolname.org,Section B,35.87,45.22,,,,,,,,,,,,
Synthetic Student 287,SYN-EXP-000287,SYN-SIS-000287,synthetic287,gstone26@schoolname.org,Section C,81.87,73.46,,,,,,,,,,,,
